,ประทับเวลา,Transaction,Mountain_Bike,Collagen,Brownie,Botox,Weed,Hemp,Blood_pressure_meter,RGB_lightblub,bikini_wax_course,eletronic_massaging_chair,Room_plants,side_pillow,weighing_apparatus,jawline_botox_course,curry_puff,Lego,Fan,Traditional_thai_whisky,Sexy_pajamas,Dumbell,vaccum_robot,Wagyu_meat,sun_dried_pork,drone,See-through shirt,Tarot_card,Grilled_beef,paper_shredder,bag,Shabu,Surfskate,Board game,Omakase,Cashew_nuts,automatic_light,Battalion,Dyson_hairdryer,gramophone_record,Nose_hair_scissors,PS5,Blood_glucose_meter,Roti,Pickled_Shrimp_Paste,Thailand_travel_package,FIFA_Online_game,Baby_Mango,automatic_cat_toilet,chanel_bag,Rice-with-Pork-Leg-&-Hoof-Stewed,Cordyceps,health-pillow-for-Insomnia,Dedoo_orangejuice,authorized_Software,Sunscreen
20/3/2021, 11:53:45,1,ไม่เคย,ไม่เคย,ไม่เคย,ไม่เคย,ไม่เคย,ไม่เคย,ไม่เคย,ไม่เคย,ไม่เคย,ไม่เคย,ไม่เคย,เคย,ไม่เคย,ไม่เคย,เคย,เคย,เคย,ไม่เคย,ไม่เคย,ไม่เคย,เคย,เคย,เคย,ไม่เคย,ไม่เคย,ไม่เคย,เคย,ไม่เคย,เคย,เคย,ไม่เคย,เคย,เคย,เคย,ไม่เคย,ไม่เคย,ไม่เคย,ไม่เคย,เคย,เคย,ไม่เคย,เคย,ไม่เคย,ไม่เคย,ไม่เคย,ไม่เคย,ไม่เคย,ไม่เคย,ไม่เคย,ไม่เคย,ไม่เคย,เคย,เคย,เคย
20/3/2021, 11:54:01,2,ไม่เคย,เคย,ไม่เคย,ไม่เคย,ไม่เคย,ไม่เคย,เคย,ไม่เคย,ไม่เคย,ไม่เคย,ไม่เคย,เคย,เคย,ไม่เคย,เคย,ไม่เคย,เคย,ไม่เคย,เคย,เคย,เคย,ไม่เคย,เคย,ไม่เคย,เคย,เคย,ไม่เคย,ไม่เคย,เคย,เคย,ไม่เคย,ไม่เคย,ไม่เคย,เคย,ไม่เคย,ไม่เคย,ไม่เคย,ไม่เคย,เคย,ไม่เคย,เคย,เคย,เคย,เคย,ไม่เคย,เคย,ไม่เคย,ไม่เคย,ไม่เคย,เคย,เคย,เคย,ไม่เคย,เคย
20/3/2021, 11:54:05,3,เคย,ไม่เคย,ไม่เคย,ไม่เคย,ไม่เคย,ไม่เคย,เคย,เคย,ไม่เคย,ไม่เคย,เคย,เคย,เคย,ไม่เคย,เคย,เคย,เคย,ไม่เคย,เคย,เคย,ไม่เคย,เคย,เคย,เคย,เคย,ไม่เคย,เคย,เคย,เคย,เคย,เคย,เคย,ไม่เคย,เคย,เคย,เคย,ไม่เคย,ไม่เคย,ไม่เคย,ไม่เคย,เคย,เคย,ไม่เคย,ไม่เคย,ไม่เคย,เคย,ไม่เคย,ไม่เคย,ไม่เคย,ไม่เคย,เคย,เคย,เคย,เคย
20/3/2021, 11:54:13,4,ไม่เคย,ไม่เคย,ไม่เคย,ไม่เคย,เคย,ไม่เคย,ไม่เคย,ไม่เคย,ไม่เคย,เคย,เคย,เคย,เคย,ไม่เคย,เคย,เคย,เคย,เคย,ไม่เคย,ไม่เคย,เคย,เคย,เคย,ไม่เคย,ไม่เคย,ไม่เคย,เคย,ไม่เคย,เคย,เคย,ไม่เคย,เคย,เคย,เคย,ไม่เคย,เคย,ไม่เคย,ไม่เคย,เคย,ไม่เคย,ไม่เคย,เคย,ไม่เคย,ไม่เคย,เคย,ไม่เคย,ไม่เคย,ไม่เคย,ไม่เคย,ไม่เคย,ไม่เคย,ไม่เคย,ไม่เคย,เคย
20/3/2021, 11:54:18,5,ไม่เคย,เคย,ไม่เคย,เคย,ไม่เคย,ไม่เคย,ไม่เคย,ไม่เคย,ไม่เคย,ไม่เคย,เคย,ไม่เคย,ไม่เคย,เคย,เคย,ไม่เคย,เคย,ไม่เคย,ไม่เคย,เคย,เคย,ไม่เคย,เคย,ไม่เคย,ไม่เคย,เคย,ไม่เคย,ไม่เคย,เคย,เคย,ไม่เคย,เคย,ไม่เคย,เคย,ไม่เคย,ไม่เคย,เคย,ไม่เคย,ไม่เคย,ไม่เคย,ไม่เคย,เคย,ไม่เคย,,ไม่เคย,ไม่เคย,ไม่เคย,เคย,ไม่เคย,ไม่เคย,เคย,เคย,เคย,เคย
20/3/2021, 11:54:21,6,เคย,เคย,ไม่เคย,ไม่เคย,ไม่เคย,ไม่เคย,เคย,ไม่เคย,ไม่เคย,ไม่เคย,เคย,เคย,เคย,ไม่เคย,เคย,เคย,เคย,ไม่เคย,ไม่เคย,เคย,เคย,เคย,เคย,ไม่เคย,เคย,ไม่เคย,เคย,ไม่เคย,เคย,เคย,ไม่เคย,ไม่เคย,ไม่เคย,เคย,ไม่เคย,ไม่เคย,ไม่เคย,ไม่เคย,เคย,ไม่เคย,ไม่เคย,เคย,ไม่เคย,ไม่เคย,ไม่เคย,เคย,ไม่เคย,ไม่เคย,ไม่เคย,,เคย,ไม่เคย,ไม่เคย,เคย
20/3/2021, 11:54:34,7,ไม่เคย,ไม่เคย,ไม่เคย,ไม่เคย,ไม่เคย,ไม่เคย,เคย,ไม่เคย,ไม่เคย,ไม่เคย,เคย,เคย,ไม่เคย,ไม่เคย,เคย,ไม่เคย,เคย,ไม่เคย,ไม่เคย,เคย,ไม่เคย,เคย,เคย,ไม่เคย,ไม่เคย,ไม่เคย,เคย,ไม่เคย,เคย,เคย,ไม่เคย,เคย,ไม่เคย,เคย,ไม่เคย,ไม่เคย,ไม่เคย,ไม่เคย,ไม่เคย,ไม่เคย,ไม่เคย,เคย,เคย,ไม่เคย,ไม่เคย,เคย,ไม่เคย,ไม่เคย,ไม่เคย,ไม่เคย,เคย,เคย,เคย,เคย
20/3/2021, 11:54:40,8,ไม่เคย,ไม่เคย,ไม่เคย,ไม่เคย,ไม่เคย,ไม่เคย,เคย,ไม่เคย,ไม่เคย,ไม่เคย,เคย,เคย,เคย,ไม่เคย,ไม่เคย,ไม่เคย,ไม่เคย,ไม่เคย,ไม่เคย,เคย,เคย,ไม่เคย,,ไม่เคย,ไม่เคย,ไม่เคย,ไม่เคย,ไม่เคย,เคย,เคย,ไม่เคย,เคย,ไม่เคย,เคย,ไม่เคย,ไม่เคย,ไม่เคย,ไม่เคย,ไม่เคย,ไม่เคย,ไม่เคย,ไม่เคย,ไม่เคย,ไม่เคย,ไม่เคย,ไม่เคย,ไม่เคย,,ไม่เคย,ไม่เคย,ไม่เคย,ไม่เคย,ไม่เคย,เคย
20/3/2021, 11:54:46,9,ไม่เคย,ไม่เคย,ไม่เคย,ไม่เคย,เคย,ไม่เคย,เคย,ไม่เคย,ไม่เคย,ไม่เคย,เคย,เคย,เคย,ไม่เคย,เคย,ไม่เคย,เคย,ไม่เคย,ไม่เคย,เคย,เคย,เคย,เคย,ไม่เคย,ไม่เคย,เคย,เคย,ไม่เคย,เคย,เคย,ไม่เคย,เคย,ไม่เคย,เคย,เคย,ไม่เคย,ไม่เคย,ไม่เคย,ไม่เคย,ไม่เคย,เคย,เคย,ไม่เคย,เคย,ไม่เคย,ไม่เคย,ไม่เคย,ไม่เคย,เคย,เคย,ไม่เคย,ไม่เคย,เคย,เคย
20/3/2021, 11:54:47,10,ไม่เคย,เคย,ไม่เคย,ไม่เคย,ไม่เคย,ไม่เคย,เคย,ไม่เคย,ไม่เคย,ไม่เคย,เคย,เคย,ไม่เคย,ไม่เคย,เคย,เคย,ไม่เคย,เคย,ไม่เคย,เคย,ไม่เคย,เคย,เคย,ไม่เคย,ไม่เคย,ไม่เคย,เคย,ไม่เคย,เคย,เคย,ไม่เคย,ไม่เคย,ไม่เคย,เคย,ไม่เคย,ไม่เคย,ไม่เคย,ไม่เคย,ไม่เคย,ไม่เคย,ไม่เคย,เคย,ไม่เคย,ไม่เคย,ไม่เคย,เคย,ไม่เคย,ไม่เคย,ไม่เคย,ไม่เคย,ไม่เคย,ไม่เคย,เคย,เคย
20/3/2021, 11:54:53,11,เคย,ไม่เคย,ไม่เคย,ไม่เคย,ไม่เคย,ไม่เคย,ไม่เคย,ไม่เคย,ไม่เคย,ไม่เคย,ไม่เคย,เคย,ไม่เคย,ไม่เคย,ไม่เคย,ไม่เคย,ไม่เคย,ไม่เคย,ไม่เคย,เคย,ไม่เคย,เคย,เคย,ไม่เคย,ไม่เคย,ไม่เคย,เคย,ไม่เคย,เคย,เคย,ไม่เคย,ไม่เคย,ไม่เคย,เคย,ไม่เคย,ไม่เคย,ไม่เคย,ไม่เคย,เคย,ไม่เคย,ไม่เคย,เคย,ไม่เคย,ไม่เคย,ไม่เคย,เคย,ไม่เคย,ไม่เคย,เคย,ไม่เคย,ไม่เคย,ไม่เคย,เคย,เคย
20/3/2021, 11:54:57,12,ไม่เคย,ไม่เคย,ไม่เคย,ไม่เคย,เคย,ไม่เคย,เคย,ไม่เคย,ไม่เคย,ไม่เคย,เคย,เคย,เคย,ไม่เคย,เคย,ไม่เคย,เคย,ไม่เคย,ไม่เคย,ไม่เคย,ไม่เคย,เคย,เคย,ไม่เคย,ไม่เคย,ไม่เคย,เคย,ไม่เคย,เคย,เคย,ไม่เคย,ไม่เคย,ไม่เคย,เคย,เคย,ไม่เคย,ไม่เคย,ไม่เคย,เคย,ไม่เคย,ไม่เคย,เคย,ไม่เคย,ไม่เคย,ไม่เคย,ไม่เคย,ไม่เคย,ไม่เคย,ไม่เคย,ไม่เคย,ไม่เคย,ไม่เคย,เคย,เคย
20/3/2021, 11:55:00,13,เคย,เคย,ไม่เคย,ไม่เคย,ไม่เคย,ไม่เคย,ไม่เคย,ไม่เคย,เคย,ไม่เคย,เคย,เคย,เคย,ไม่เคย,เคย,เคย,เคย,ไม่เคย,ไม่เคย,เคย,เคย,เคย,เคย,ไม่เคย,เคย,ไม่เคย,เคย,เคย,เคย,เคย,ไม่เคย,เคย,เคย,เคย,เคย,ไม่เคย,เคย,เคย,เคย,ไม่เคย,เคย,เคย,ไม่เคย,ไม่เคย,ไม่เคย,เคย,ไม่เคย,ไม่เคย,ไม่เคย,ไม่เคย,เคย,เคย,เคย,เคย
20/3/2021, 11:55:00,14,ไม่เคย,ไม่เคย,ไม่เคย,ไม่เคย,ไม่เคย,ไม่เคย,ไม่เคย,ไม่เคย,ไม่เคย,ไม่เคย,ไม่เคย,ไม่เคย,เคย,ไม่เคย,เคย,ไม่เคย,เคย,ไม่เคย,ไม่เคย,ไม่เคย,ไม่เคย,เคย,เคย,ไม่เคย,ไม่เคย,ไม่เคย,เคย,ไม่เคย,เคย,เคย,ไม่เคย,เคย,ไม่เคย,เคย,ไม่เคย,ไม่เคย,ไม่เคย,ไม่เคย,ไม่เคย,ไม่เคย,ไม่เคย,เคย,ไม่เคย,เคย,ไม่เคย,ไม่เคย,ไม่เคย,ไม่เคย,ไม่เคย,ไม่เคย,ไม่เคย,เคย,เคย,เคย
20/3/2021, 11:55:04,15,ไม่เคย,เคย,ไม่เคย,ไม่เคย,ไม่เคย,ไม่เคย,ไม่เคย,ไม่เคย,ไม่เคย,ไม่เคย,เคย,เคย,เคย,ไม่เคย,เคย,เคย,เคย,ไม่เคย,ไม่เคย,เคย,ไม่เคย,ไม่เคย,เคย,ไม่เคย,เคย,ไม่เคย,เคย,ไม่เคย,เคย,เคย,ไม่เคย,เคย,ไม่เคย,เคย,ไม่เคย,ไม่เคย,ไม่เคย,ไม่เคย,ไม่เคย,ไม่เคย,ไม่เคย,เคย,ไม่เคย,ไม่เคย,ไม่เคย,ไม่เคย,ไม่เคย,ไม่เคย,ไม่เคย,ไม่เคย,ไม่เคย,เคย,เคย,เคย
20/3/2021, 11:55:05,16,เคย,เคย,ไม่เคย,ไม่เคย,ไม่เคย,ไม่เคย,เคย,ไม่เคย,ไม่เคย,ไม่เคย,เคย,เคย,เคย,ไม่เคย,เคย,เคย,เคย,ไม่เคย,ไม่เคย,ไม่เคย,เคย,ไม่เคย,ไม่เคย,ไม่เคย,ไม่เคย,ไม่เคย,เคย,ไม่เคย,เคย,เคย,ไม่เคย,ไม่เคย,ไม่เคย,เคย,เคย,ไม่เคย,ไม่เคย,ไม่เคย,เคย,ไม่เคย,ไม่เคย,เคย,ไม่เคย,เคย,ไม่เคย,ไม่เคย,ไม่เคย,ไม่เคย,ไม่เคย,เคย,เคย,เคย,เคย,เคย
20/3/2021, 11:55:10,17,เคย,เคย,ไม่เคย,ไม่เคย,ไม่เคย,ไม่เคย,ไม่เคย,ไม่เคย,ไม่เคย,ไม่เคย,เคย,เคย,เคย,ไม่เคย,เคย,เคย,เคย,ไม่เคย,ไม่เคย,เคย,ไม่เคย,เคย,เคย,ไม่เคย,ไม่เคย,เคย,เคย,ไม่เคย,เคย,เคย,ไม่เคย,เคย,ไม่เคย,เคย,ไม่เคย,ไม่เคย,ไม่เคย,ไม่เคย,ไม่เคย,ไม่เคย,ไม่เคย,เคย,เคย,เคย,ไม่เคย,เคย,ไม่เคย,ไม่เคย,ไม่เคย,ไม่เคย,ไม่เคย,เคย,เคย,เคย
20/3/2021, 11:55:15,18,เคย,ไม่เคย,ไม่เคย,ไม่เคย,ไม่เคย,ไม่เคย,เคย,เคย,ไม่เคย,ไม่เคย,ไม่เคย,เคย,เคย,ไม่เคย,เคย,เคย,ไม่เคย,ไม่เคย,ไม่เคย,เคย,เคย,เคย,ไม่เคย,ไม่เคย,ไม่เคย,เคย,เคย,ไม่เคย,เคย,เคย,ไม่เคย,เคย,ไม่เคย,ไม่เคย,เคย,ไม่เคย,ไม่เคย,ไม่เคย,ไม่เคย,ไม่เคย,เคย,เคย,ไม่เคย,ไม่เคย,ไม่เคย,ไม่เคย,ไม่เคย,ไม่เคย,ไม่เคย,ไม่เคย,ไม่เคย,เคย,เคย,เคย
20/3/2021, 11:55:20,19,ไม่เคย,ไม่เคย,ไม่เคย,ไม่เคย,ไม่เคย,ไม่เคย,เคย,เคย,ไม่เคย,เคย,เคย,เคย,เคย,ไม่เคย,เคย,ไม่เคย,เคย,ไม่เคย,ไม่เคย,ไม่เคย,ไม่เคย,เคย,เคย,ไม่เคย,ไม่เคย,ไม่เคย,เคย,ไม่เคย,เคย,เคย,ไม่เคย,เคย,ไม่เคย,เคย,ไม่เคย,ไม่เคย,ไม่เคย,ไม่เคย,เคย,ไม่เคย,ไม่เคย,เคย,ไม่เคย,ไม่เคย,เคย,ไม่เคย,ไม่เคย,ไม่เคย,ไม่เคย,ไม่เคย,ไม่เคย,เคย,เคย,เคย
20/3/2021, 11:55:28,20,ไม่เคย,เคย,ไม่เคย,เคย,ไม่เคย,ไม่เคย,ไม่เคย,ไม่เคย,ไม่เคย,ไม่เคย,เคย,เคย,ไม่เคย,เคย,เคย,ไม่เคย,เคย,เคย,เคย,เคย,ไม่เคย,ไม่เคย,เคย,ไม่เคย,เคย,ไม่เคย,ไม่เคย,ไม่เคย,เคย,เคย,ไม่เคย,ไม่เคย,ไม่เคย,เคย,ไม่เคย,ไม่เคย,ไม่เคย,ไม่เคย,ไม่เคย,ไม่เคย,ไม่เคย,เคย,ไม่เคย,เคย,ไม่เคย,ไม่เคย,ไม่เคย,ไม่เคย,ไม่เคย,ไม่เคย,เคย,เคย,เคย,เคย
20/3/2021, 11:55:36,21,ไม่เคย,ไม่เคย,ไม่เคย,ไม่เคย,ไม่เคย,ไม่เคย,ไม่เคย,เคย,ไม่เคย,ไม่เคย,ไม่เคย,ไม่เคย,ไม่เคย,ไม่เคย,เคย,ไม่เคย,เคย,เคย,ไม่เคย,ไม่เคย,ไม่เคย,ไม่เคย,เคย,ไม่เคย,ไม่เคย,ไม่เคย,ไม่เคย,ไม่เคย,เคย,เคย,ไม่เคย,เคย,เคย,ไม่เคย,เคย,ไม่เคย,ไม่เคย,เคย,ไม่เคย,ไม่เคย,ไม่เคย,เคย,ไม่เคย,เคย,ไม่เคย,ไม่เคย,ไม่เคย,ไม่เคย,ไม่เคย,ไม่เคย,ไม่เคย,เคย,เคย,เคย
20/3/2021, 11:55:50,22,เคย,เคย,เคย,เคย,เคย,เคย,เคย,ไม่เคย,ไม่เคย,เคย,เคย,ไม่เคย,เคย,ไม่เคย,เคย,เคย,เคย,ไม่เคย,ไม่เคย,เคย,เคย,เคย,ไม่เคย,ไม่เคย,ไม่เคย,เคย,เคย,เคย,เคย,เคย,ไม่เคย,เคย,เคย,เคย,เคย,เคย,เคย,เคย,ไม่เคย,เคย,เคย,เคย,เคย,ไม่เคย,ไม่เคย,ไม่เคย,เคย,เคย,เคย,ไม่เคย,เคย,เคย,เคย,เคย
20/3/2021, 11:56:14,23,ไม่เคย,เคย,เคย,เคย,ไม่เคย,ไม่เคย,ไม่เคย,เคย,เคย,ไม่เคย,เคย,เคย,เคย,เคย,เคย,เคย,เคย,ไม่เคย,เคย,เคย,เคย,เคย,เคย,ไม่เคย,เคย,เคย,เคย,ไม่เคย,เคย,เคย,ไม่เคย,ไม่เคย,ไม่เคย,เคย,เคย,ไม่เคย,ไม่เคย,ไม่เคย,เคย,ไม่เคย,เคย,เคย,เคย,เคย,เคย,เคย,ไม่เคย,เคย,เคย,เคย,เคย,เคย,เคย,เคย
20/3/2021, 11:56:24,24,เคย,เคย,ไม่เคย,ไม่เคย,ไม่เคย,ไม่เคย,ไม่เคย,เคย,ไม่เคย,ไม่เคย,เคย,เคย,เคย,ไม่เคย,เคย,เคย,เคย,ไม่เคย,ไม่เคย,เคย,เคย,ไม่เคย,ไม่เคย,ไม่เคย,ไม่เคย,ไม่เคย,ไม่เคย,เคย,เคย,เคย,ไม่เคย,เคย,ไม่เคย,เคย,เคย,ไม่เคย,ไม่เคย,ไม่เคย,ไม่เคย,ไม่เคย,ไม่เคย,เคย,เคย,ไม่เคย,ไม่เคย,ไม่เคย,ไม่เคย,ไม่เคย,ไม่เคย,ไม่เคย,เคย,เคย,เคย,เคย
20/3/2021, 11:56:43,25,ไม่เคย,ไม่เคย,ไม่เคย,ไม่เคย,ไม่เคย,ไม่เคย,ไม่เคย,ไม่เคย,ไม่เคย,ไม่เคย,ไม่เคย,เคย,เคย,ไม่เคย,เคย,ไม่เคย,เคย,ไม่เคย,ไม่เคย,ไม่เคย,ไม่เคย,ไม่เคย,ไม่เคย,ไม่เคย,ไม่เคย,ไม่เคย,ไม่เคย,ไม่เคย,เคย,เคย,ไม่เคย,เคย,ไม่เคย,เคย,ไม่เคย,ไม่เคย,ไม่เคย,เคย,ไม่เคย,ไม่เคย,ไม่เคย,ไม่เคย,ไม่เคย,เคย,ไม่เคย,ไม่เคย,ไม่เคย,ไม่เคย,ไม่เคย,เคย,ไม่เคย,เคย,ไม่เคย,เคย
20/3/2021, 11:57:02,26,ไม่เคย,ไม่เคย,ไม่เคย,ไม่เคย,ไม่เคย,ไม่เคย,ไม่เคย,ไม่เคย,ไม่เคย,ไม่เคย,เคย,เคย,เคย,ไม่เคย,เคย,เคย,เคย,เคย,ไม่เคย,เคย,ไม่เคย,เคย,เคย,ไม่เคย,ไม่เคย,ไม่เคย,เคย,ไม่เคย,เคย,เคย,ไม่เคย,เคย,ไม่เคย,เคย,ไม่เคย,ไม่เคย,ไม่เคย,ไม่เคย,ไม่เคย,ไม่เคย,ไม่เคย,เคย,ไม่เคย,เคย,ไม่เคย,ไม่เคย,ไม่เคย,ไม่เคย,ไม่เคย,ไม่เคย,เคย,เคย,เคย,เคย
20/3/2021, 11:57:38,27,ไม่เคย,ไม่เคย,ไม่เคย,ไม่เคย,เคย,ไม่เคย,เคย,ไม่เคย,ไม่เคย,ไม่เคย,เคย,เคย,ไม่เคย,ไม่เคย,เคย,เคย,เคย,เคย,ไม่เคย,ไม่เคย,เคย,ไม่เคย,เคย,ไม่เคย,ไม่เคย,ไม่เคย,เคย,ไม่เคย,เคย,เคย,ไม่เคย,เคย,ไม่เคย,เคย,ไม่เคย,ไม่เคย,ไม่เคย,ไม่เคย,ไม่เคย,ไม่เคย,ไม่เคย,เคย,ไม่เคย,ไม่เคย,เคย,ไม่เคย,ไม่เคย,ไม่เคย,ไม่เคย,ไม่เคย,ไม่เคย,เคย,ไม่เคย,เคย
20/3/2021, 11:57:42,28,เคย,เคย,ไม่เคย,เคย,ไม่เคย,ไม่เคย,ไม่เคย,เคย,ไม่เคย,ไม่เคย,ไม่เคย,เคย,ไม่เคย,เคย,เคย,ไม่เคย,เคย,ไม่เคย,ไม่เคย,เคย,ไม่เคย,เคย,เคย,เคย,เคย,เคย,เคย,ไม่เคย,เคย,เคย,ไม่เคย,ไม่เคย,ไม่เคย,เคย,ไม่เคย,ไม่เคย,ไม่เคย,เคย,เคย,ไม่เคย,ไม่เคย,เคย,ไม่เคย,ไม่เคย,ไม่เคย,ไม่เคย,ไม่เคย,ไม่เคย,ไม่เคย,ไม่เคย,เคย,ไม่เคย,เคย,เคย
20/3/2021, 11:59:34,29,ไม่เคย,เคย,ไม่เคย,ไม่เคย,ไม่เคย,ไม่เคย,ไม่เคย,ไม่เคย,ไม่เคย,ไม่เคย,เคย,เคย,เคย,ไม่เคย,เคย,เคย,เคย,ไม่เคย,ไม่เคย,ไม่เคย,เคย,เคย,เคย,เคย,ไม่เคย,เคย,เคย,เคย,เคย,เคย,ไม่เคย,เคย,ไม่เคย,เคย,ไม่เคย,ไม่เคย,ไม่เคย,ไม่เคย,ไม่เคย,ไม่เคย,ไม่เคย,เคย,ไม่เคย,เคย,ไม่เคย,ไม่เคย,ไม่เคย,ไม่เคย,ไม่เคย,ไม่เคย,ไม่เคย,ไม่เคย,เคย,เคย
20/3/2021, 11:59:47,30,เคย,ไม่เคย,เคย,เคย,เคย,เคย,ไม่เคย,ไม่เคย,ไม่เคย,ไม่เคย,เคย,เคย,เคย,ไม่เคย,เคย,เคย,เคย,ไม่เคย,ไม่เคย,ไม่เคย,ไม่เคย,เคย,เคย,ไม่เคย,ไม่เคย,ไม่เคย,เคย,ไม่เคย,เคย,เคย,ไม่เคย,ไม่เคย,เคย,เคย,ไม่เคย,ไม่เคย,ไม่เคย,เคย,ไม่เคย,ไม่เคย,,เคย,ไม่เคย,เคย,ไม่เคย,ไม่เคย,ไม่เคย,เคย,เคย,ไม่เคย,ไม่เคย,ไม่เคย,เคย,เคย
20/3/2021, 12:00:57,31,ไม่เคย,ไม่เคย,ไม่เคย,ไม่เคย,ไม่เคย,ไม่เคย,ไม่เคย,ไม่เคย,ไม่เคย,ไม่เคย,ไม่เคย,เคย,ไม่เคย,ไม่เคย,เคย,ไม่เคย,เคย,ไม่เคย,ไม่เคย,ไม่เคย,เคย,ไม่เคย,เคย,ไม่เคย,ไม่เคย,ไม่เคย,ไม่เคย,ไม่เคย,เคย,เคย,ไม่เคย,ไม่เคย,ไม่เคย,เคย,ไม่เคย,ไม่เคย,ไม่เคย,ไม่เคย,ไม่เคย,ไม่เคย,ไม่เคย,เคย,ไม่เคย,เคย,ไม่เคย,เคย,ไม่เคย,ไม่เคย,ไม่เคย,เคย,เคย,เคย,ไม่เคย,เคย
20/3/2021, 12:01:55,32,เคย,เคย,ไม่เคย,เคย,ไม่เคย,ไม่เคย,เคย,ไม่เคย,ไม่เคย,ไม่เคย,ไม่เคย,เคย,เคย,เคย,เคย,เคย,เคย,เคย,เคย,เคย,เคย,เคย,เคย,ไม่เคย,เคย,ไม่เคย,เคย,ไม่เคย,เคย,เคย,ไม่เคย,ไม่เคย,เคย,เคย,ไม่เคย,ไม่เคย,ไม่เคย,ไม่เคย,เคย,ไม่เคย,เคย,เคย,เคย,เคย,ไม่เคย,เคย,ไม่เคย,ไม่เคย,ไม่เคย,ไม่เคย,ไม่เคย,ไม่เคย,เคย,เคย
20/3/2021, 12:01:55,33,ไม่เคย,เคย,ไม่เคย,เคย,ไม่เคย,ไม่เคย,ไม่เคย,ไม่เคย,ไม่เคย,ไม่เคย,ไม่เคย,เคย,ไม่เคย,ไม่เคย,เคย,ไม่เคย,เคย,ไม่เคย,ไม่เคย,เคย,ไม่เคย,เคย,ไม่เคย,ไม่เคย,ไม่เคย,ไม่เคย,เคย,เคย,เคย,เคย,ไม่เคย,ไม่เคย,ไม่เคย,เคย,ไม่เคย,เคย,ไม่เคย,ไม่เคย,ไม่เคย,ไม่เคย,ไม่เคย,เคย,ไม่เคย,ไม่เคย,ไม่เคย,เคย,ไม่เคย,ไม่เคย,ไม่เคย,ไม่เคย,ไม่เคย,เคย,เคย,เคย
20/3/2021, 12:02:08,34,ไม่เคย,ไม่เคย,ไม่เคย,ไม่เคย,ไม่เคย,ไม่เคย,ไม่เคย,ไม่เคย,ไม่เคย,เคย,เคย,เคย,เคย,ไม่เคย,เคย,เคย,เคย,ไม่เคย,ไม่เคย,ไม่เคย,ไม่เคย,เคย,เคย,ไม่เคย,ไม่เคย,ไม่เคย,เคย,ไม่เคย,เคย,เคย,ไม่เคย,เคย,ไม่เคย,เคย,ไม่เคย,เคย,ไม่เคย,ไม่เคย,ไม่เคย,ไม่เคย,ไม่เคย,เคย,เคย,เคย,ไม่เคย,ไม่เคย,ไม่เคย,ไม่เคย,ไม่เคย,ไม่เคย,ไม่เคย,ไม่เคย,เคย,เคย
20/3/2021, 12:02:12,35,ไม่เคย,เคย,ไม่เคย,ไม่เคย,ไม่เคย,ไม่เคย,เคย,ไม่เคย,ไม่เคย,ไม่เคย,ไม่เคย,เคย,เคย,ไม่เคย,เคย,เคย,ไม่เคย,ไม่เคย,ไม่เคย,ไม่เคย,ไม่เคย,ไม่เคย,ไม่เคย,ไม่เคย,ไม่เคย,ไม่เคย,ไม่เคย,ไม่เคย,เคย,เคย,ไม่เคย,เคย,ไม่เคย,เคย,ไม่เคย,เคย,ไม่เคย,ไม่เคย,ไม่เคย,ไม่เคย,ไม่เคย,เคย,ไม่เคย,ไม่เคย,ไม่เคย,ไม่เคย,ไม่เคย,ไม่เคย,ไม่เคย,ไม่เคย,ไม่เคย,เคย,เคย,เคย
20/3/2021, 12:02:35,36,เคย,เคย,ไม่เคย,เคย,ไม่เคย,ไม่เคย,เคย,เคย,ไม่เคย,ไม่เคย,เคย,เคย,เคย,ไม่เคย,ไม่เคย,เคย,เคย,เคย,ไม่เคย,เคย,เคย,ไม่เคย,ไม่เคย,ไม่เคย,ไม่เคย,ไม่เคย,ไม่เคย,ไม่เคย,เคย,เคย,เคย,เคย,ไม่เคย,ไม่เคย,เคย,ไม่เคย,ไม่เคย,ไม่เคย,เคย,ไม่เคย,เคย,เคย,ไม่เคย,เคย,ไม่เคย,ไม่เคย,ไม่เคย,ไม่เคย,ไม่เคย,ไม่เคย,ไม่เคย,ไม่เคย,เคย,เคย
20/3/2021, 12:02:36,37,ไม่เคย,เคย,ไม่เคย,ไม่เคย,ไม่เคย,เคย,ไม่เคย,เคย,ไม่เคย,ไม่เคย,เคย,เคย,เคย,ไม่เคย,เคย,เคย,เคย,ไม่เคย,ไม่เคย,ไม่เคย,เคย,เคย,เคย,ไม่เคย,ไม่เคย,ไม่เคย,เคย,ไม่เคย,เคย,เคย,ไม่เคย,ไม่เคย,ไม่เคย,เคย,เคย,ไม่เคย,ไม่เคย,เคย,ไม่เคย,ไม่เคย,ไม่เคย,เคย,ไม่เคย,ไม่เคย,ไม่เคย,เคย,ไม่เคย,ไม่เคย,ไม่เคย,ไม่เคย,ไม่เคย,เคย,เคย,เคย
20/3/2021, 12:02:38,38,ไม่เคย,เคย,ไม่เคย,ไม่เคย,ไม่เคย,ไม่เคย,ไม่เคย,ไม่เคย,ไม่เคย,ไม่เคย,ไม่เคย,ไม่เคย,เคย,ไม่เคย,เคย,ไม่เคย,ไม่เคย,ไม่เคย,ไม่เคย,ไม่เคย,ไม่เคย,ไม่เคย,เคย,ไม่เคย,เคย,ไม่เคย,ไม่เคย,ไม่เคย,เคย,เคย,ไม่เคย,เคย,ไม่เคย,ไม่เคย,ไม่เคย,ไม่เคย,ไม่เคย,ไม่เคย,ไม่เคย,ไม่เคย,ไม่เคย,เคย,ไม่เคย,ไม่เคย,ไม่เคย,ไม่เคย,ไม่เคย,ไม่เคย,ไม่เคย,ไม่เคย,ไม่เคย,เคย,เคย,เคย
20/3/2021, 12:02:55,39,เคย,เคย,เคย,ไม่เคย,เคย,ไม่เคย,ไม่เคย,ไม่เคย,ไม่เคย,ไม่เคย,เคย,เคย,เคย,ไม่เคย,เคย,เคย,เคย,เคย,ไม่เคย,เคย,เคย,เคย,เคย,เคย,ไม่เคย,ไม่เคย,เคย,ไม่เคย,เคย,เคย,เคย,เคย,เคย,เคย,เคย,เคย,ไม่เคย,เคย,เคย,ไม่เคย,ไม่เคย,เคย,ไม่เคย,เคย,เคย,ไม่เคย,เคย,เคย,ไม่เคย,ไม่เคย,เคย,เคย,เคย,เคย
20/3/2021, 12:03:11,40,เคย,เคย,ไม่เคย,ไม่เคย,ไม่เคย,ไม่เคย,ไม่เคย,ไม่เคย,ไม่เคย,ไม่เคย,เคย,เคย,ไม่เคย,ไม่เคย,เคย,เคย,ไม่เคย,ไม่เคย,ไม่เคย,เคย,เคย,ไม่เคย,เคย,ไม่เคย,ไม่เคย,ไม่เคย,ไม่เคย,ไม่เคย,เคย,เคย,ไม่เคย,ไม่เคย,ไม่เคย,เคย,ไม่เคย,ไม่เคย,ไม่เคย,ไม่เคย,ไม่เคย,ไม่เคย,ไม่เคย,เคย,เคย,เคย,ไม่เคย,เคย,เคย,ไม่เคย,ไม่เคย,ไม่เคย,ไม่เคย,เคย,ไม่เคย,เคย
20/3/2021, 12:03:21,41,ไม่เคย,ไม่เคย,ไม่เคย,ไม่เคย,ไม่เคย,ไม่เคย,ไม่เคย,ไม่เคย,ไม่เคย,ไม่เคย,เคย,เคย,เคย,ไม่เคย,เคย,เคย,เคย,ไม่เคย,เคย,เคย,เคย,เคย,เคย,ไม่เคย,ไม่เคย,เคย,เคย,ไม่เคย,เคย,เคย,ไม่เคย,ไม่เคย,เคย,เคย,ไม่เคย,ไม่เคย,ไม่เคย,ไม่เคย,เคย,ไม่เคย,ไม่เคย,เคย,ไม่เคย,เคย,ไม่เคย,ไม่เคย,ไม่เคย,ไม่เคย,ไม่เคย,เคย,เคย,ไม่เคย,ไม่เคย,เคย
20/3/2021, 12:03:25,42,ไม่เคย,เคย,ไม่เคย,ไม่เคย,ไม่เคย,ไม่เคย,ไม่เคย,ไม่เคย,เคย,ไม่เคย,เคย,ไม่เคย,ไม่เคย,ไม่เคย,เคย,เคย,ไม่เคย,เคย,เคย,ไม่เคย,ไม่เคย,เคย,เคย,ไม่เคย,เคย,เคย,เคย,ไม่เคย,เคย,เคย,ไม่เคย,เคย,เคย,เคย,ไม่เคย,ไม่เคย,ไม่เคย,ไม่เคย,เคย,ไม่เคย,ไม่เคย,เคย,ไม่เคย,เคย,ไม่เคย,เคย,ไม่เคย,ไม่เคย,ไม่เคย,ไม่เคย,เคย,เคย,ไม่เคย,เคย
20/3/2021, 12:03:53,43,เคย,ไม่เคย,ไม่เคย,ไม่เคย,ไม่เคย,ไม่เคย,เคย,เคย,ไม่เคย,ไม่เคย,เคย,เคย,เคย,ไม่เคย,เคย,ไม่เคย,เคย,ไม่เคย,ไม่เคย,เคย,เคย,เคย,เคย,ไม่เคย,ไม่เคย,ไม่เคย,เคย,เคย,เคย,เคย,ไม่เคย,เคย,ไม่เคย,เคย,เคย,ไม่เคย,เคย,ไม่เคย,เคย,ไม่เคย,ไม่เคย,เคย,ไม่เคย,ไม่เคย,ไม่เคย,เคย,ไม่เคย,ไม่เคย,ไม่เคย,ไม่เคย,ไม่เคย,เคย,เคย,เคย
20/3/2021, 12:04:19,44,ไม่เคย,ไม่เคย,เคย,ไม่เคย,เคย,เคย,ไม่เคย,ไม่เคย,ไม่เคย,เคย,เคย,เคย,ไม่เคย,ไม่เคย,เคย,เคย,เคย,เคย,ไม่เคย,เคย,เคย,เคย,เคย,เคย,ไม่เคย,ไม่เคย,ไม่เคย,ไม่เคย,เคย,เคย,ไม่เคย,เคย,ไม่เคย,เคย,ไม่เคย,ไม่เคย,ไม่เคย,เคย,ไม่เคย,ไม่เคย,ไม่เคย,เคย,ไม่เคย,ไม่เคย,ไม่เคย,เคย,ไม่เคย,ไม่เคย,ไม่เคย,ไม่เคย,ไม่เคย,ไม่เคย,เคย,เคย
